-- MySQL dump 10.13  Distrib 8.0.36, for Win64 (x86_64)
--
-- Host: 127.0.0.1    Database: system
-- ------------------------------------------------------
-- Server version	8.3.0

/*!40101 SET @OLD_CHARACTER_SET_CLIENT=@@CHARACTER_SET_CLIENT */;
/*!40101 SET @OLD_CHARACTER_SET_RESULTS=@@CHARACTER_SET_RESULTS */;
/*!40101 SET @OLD_COLLATION_CONNECTION=@@COLLATION_CONNECTION */;
/*!50503 SET NAMES utf8 */;
/*!40103 SET @OLD_TIME_ZONE=@@TIME_ZONE */;
/*!40103 SET TIME_ZONE='+00:00' */;
/*!40014 SET @OLD_UNIQUE_CHECKS=@@UNIQUE_CHECKS, UNIQUE_CHECKS=0 */;
/*!40014 SET @OLD_FOREIGN_KEY_CHECKS=@@FOREIGN_KEY_CHECKS, FOREIGN_KEY_CHECKS=0 */;
/*!40101 SET @OLD_SQL_MODE=@@SQL_MODE, SQL_MODE='NO_AUTO_VALUE_ON_ZERO' */;
/*!40111 SET @OLD_SQL_NOTES=@@SQL_NOTES, SQL_NOTES=0 */;

--
-- Table structure for table `acc_fines`
--

DROP TABLE IF EXISTS `acc_fines`;
/*!40101 SET @saved_cs_client     = @@character_set_client */;
/*!50503 SET character_set_client = utf8mb4 */;
CREATE TABLE `acc_fines` (
  `AccFinesId` int NOT NULL,
  `Month` varchar(45) NOT NULL,
  `Amount` float NOT NULL,
  `FK_AccFinesId_UserId` varchar(45) NOT NULL,
  PRIMARY KEY (`AccFinesId`),
  KEY `FK_AccFinesId_UserId_idx` (`FK_AccFinesId_UserId`),
  CONSTRAINT `FK_AccFinesId_UserId` FOREIGN KEY (`FK_AccFinesId_UserId`) REFERENCES `user` (`UserId`) ON DELETE CASCADE
) ENGINE=InnoDB DEFAULT CHARSET=utf8mb4 COLLATE=utf8mb4_0900_ai_ci;
/*!40101 SET character_set_client = @saved_cs_client */;

--
-- Dumping data for table `acc_fines`
--

LOCK TABLES `acc_fines` WRITE;
/*!40000 ALTER TABLE `acc_fines` DISABLE KEYS */;
INSERT INTO `acc_fines` VALUES (1,'August',400,'22-1-00223'),(2,'November',1000,'22-1-00232'),(3,'September',100,'23-1-02140'),(4,'November',1000,'22-1-00235');
/*!40000 ALTER TABLE `acc_fines` ENABLE KEYS */;
UNLOCK TABLES;

--
-- Table structure for table `account`
--

DROP TABLE IF EXISTS `account`;
/*!40101 SET @saved_cs_client     = @@character_set_client */;
/*!50503 SET character_set_client = utf8mb4 */;
CREATE TABLE `account` (
  `AccountId` int NOT NULL,
  `UserName` varchar(45) NOT NULL,
  `Password` varchar(45) NOT NULL,
  `FK_UserId_Account` varchar(45) NOT NULL,
  `ImageData` longblob,
  PRIMARY KEY (`AccountId`)
) ENGINE=InnoDB DEFAULT CHARSET=utf8mb4 COLLATE=utf8mb4_0900_ai_ci;
/*!40101 SET character_set_client = @saved_cs_client */;

--
-- Dumping data for table `account`
--

LOCK TABLES `account` WRITE;
/*!40000 ALTER TABLE `account` DISABLE KEYS */;
INSERT INTO `account` VALUES (1,'admin132','Admin12345678@','10-1-00231',_binary 'PNG\r\n\Z\n\0\0\0\rIHDR\0\0\0\0\0\0\0\0\0x\\0\0\0sBIT|d\0\0\0	pHYs\0\0\\0\0\+\0\0\0tEXtSoftware\0www.inkscape.org\<\Z\0\0 \0IDATx\\w\\W}ϹShҪKVzq\FfJ !$$x!ϓb\	yB\!\0\L7\u-ɸiec\\Vە\˪lr\\c%[ږ9s\~߯AZ\\vv\\\CDZ\V\Յ\!n9.p\&X\8\"Z\\\̨3h,E\\8Rv0\E/S\0%׉#\찃]8qօ8\\\Ĭ\\\p\\"\Rh}]\]\\\As$\c\mz.^\\"g6;8\YHK\w\Aڇc/\>\v{lRQٱh\\;HR\0)#3s+w29U`v\m\f3\"c\r\"03\Ȉ\"0V<l\Y̞%\6]6V\\"\Ej\n\00`U\\r.;o0h 4# 2#<^($H띳[\b}궾ٹ\w8S 2@6Yݡ:.q\e\\q\0h,kE}AP$,\&r\n\V;~\uWn\D\D\9\nq\\f}\'\l\'(\n\n#\'LXk\G\ekuA\\T\0m,יqkf߹ʀDQ\ZI&\0\0+\rŹ_\Y\湣CT\0h\\u\\\MR\;\W\\}\#(/(q\r\0B\r\!3\\\U$\T\0H<\a\rY\\^R!\\M\-x\9\uI?h\JRT\0H\k밋1^a\n\F1+֙A\Z\\(Q!Xaƽio_\@\"\@jڹ\^F\\\0D\b\70l;.\\"~ԧ\\\\\Z\0RZZ}S\r:g\;S\0\]%I\ɺq\OsQ槯Z\$2T*\0$Vo<,\\}gJbhI8\0\\/\\Hd0T\0H\1Q7;x#2 \9R¾9\b2+V\v{*\\~\l\w R Uo\\Z\v5Jv\\03ɩ̠bD&G1f\eG=ک\0j]3\Gǌ[\\./\6T\S\\RT\0HUytMN9\ޏ\@%)\.\\WΫ[\;\	*\0Ļ5{\vM$1O\{\-\n\0\a_\'\|o\Bw\wI6\0\ͪc\;T\Ķ8?}i\\S\H2\02\	\o)ߙď\n(K\nVaMo]7\#ɡ@*\\M֜\V\\\#\\򅾹ɭ\\\?RQK7-p|ڧ@\j\s6\\"\GÈ	w\\\G|ڥ@J\̂U\\}5\bh\Q\"\0\!\}vԏou.\(,T\0HɘY\8ǭeHmO\Hn!mqD_.mJ$@l\\Z\v7V\\KDQ(\Zb/w\::\r\P\0A۴\\:\#\pb\`\N/d\n\\\x;\;ē\n\05{?r&\#\T3B(R \\\"\\\H\yD@#\ҟ\\\_*\0\\vZ#\kNR\K\08>\"e\\\0R\T\0\Y\\{8	\;HD\'\n0Jrw\j@\F\\\ǧK|g(2rbZ;\s3\Ж\b*\0\mvoW>\C#w|\[o\}`\\]HP \0my\coB?R\nχIށs |\}gApn\7\;\<\"\tb+\\\!\\n\L#(l*\0\	~F\#RIf;b 8\\\fɤ k+7\*\YD|\"7\r\_:7\w,\0	pJ\?8\/wjQ\\>\\\\\i+\\\Z\\" \̵\\\\#R\ \ =nW3\0R^*\0j\\\6,\n7\\\"ad\\"$\\\/]\;\n\Zp\\0ޅE,_\\\V|K\+_\|\SPVv\-\|g3\Ot[\\`\^4\'s\$RZ*\0jȓ[md1\?c\,\"P\\\\\|\7^\#F\Wc0\wZd=0\-{}h\7}GSsmmeE*#_\\'{4\0\\'\(g7-p|Sc\\\(3\'t:\l\\m\\\0\6\2|C\YDʀb1\"\}˅?_\DF@̬\nKq|\r\;\I|\\052ݥ3N\" &Z\\M\=u\"U\'W\`E3ǵP<\0ǟ).\\r\مћI\\0A:7\rȹ\0r+\\\Ж\"\\0v,\ rv*\0T[el<\zDbŀByPsS\\\KzbM+M\[\Z=	\f\H\\uk|Si2YY\no\rӬ\\_$R)Gc}t*\\ZsH/\w9U*\\֐9\\;^Q($g\vj\\"WFT\0T\'\mR?EDʧx|@\o	,\n\,\\$\T\0x\6\;t	od\1~k\*\ILs\0<z\~7E\9֐\"NsC^<=JO7\\1\w\'_\k/o\˼)\wQPawبqr\YDĿBh\>/x\E\7,Z\v$*\0*\\\9~\EDG߆B\n!<\{\9\_P!+;\\:ȋA_T\k,r\\\P|\ Iڶ\\`\;T\'砡>E:\\\\짭\\$	]nU|\\H|䵏a||Ѽιd\)#\0ei\u\\r\-H}M\K\\wZ\g\\z\!P\@\0v.\\\Z\0%ֶ\&\8.ED\/<B \EsϦ\\-7/\\;J-QPB\(\]\|g\\ݛ\"=D\Z.\0%\\aWs`\,\"R{\"\\\H\f\\"x\yV\AjAכ\\v{Iࠡ.^MuWRT\0\\\N\@\,\"Rۜ\\TF\\늯$\T\0A[RHr4\%}7Aꝳݿv\A\L =\a\2\+\{(\"4d_\\[\\\w\\kVnw;EĳlLoϿ\w8JO\`۟\Z|	}\\ȱc\ٷ\\\MOO\||>Oo>Ooo\wĪq\\Z\(Nɤilld\\qL2k\V\dB1ѫp[\\|\w8\Il\0\\\>\;T־ٸe+og}\\:Uס=~nCc#sf\\\r~-ӧN-ax27Q,&z\0yɼ\#.T\0\\\A\;_wOOo\\\[ظu+;TR\0ld\h~\5\\k-\\7QHx\0||\G|\0\>ϾsHQ\ڍx\_fF\na\wW\-y\g\,\q\FE\0\,sT;\0\\\n6\R\Gmjuu(.\08J\\$;G7\\'0{\\/\Q\T\0C[׌/\!s\\^UϬdPROK\h>\MˈF\H\0f\޽dn?}V*\0\b\v{;o\QMi\9\zpO߀%zg\Y\0\0\\\S.S\z!\d\\ۗ\O\ \H\'3X\n\\0ҾHi\\\\\ãO<(w\0\d\;&MPתFF\B\0\?3[K\\;HQ\"m;lEE.2\U\\\\\;\0@}C29\\\r`ޜ{Ò\|&*\0NX]\\;ݮ{~̶\T\0\03f\\+z\\\x\ѯnx9徃T\0\=\aS\\n`\,2t>$\\\\\n\YT\0\0x\ۓwLAwHk\0cd\*\AAr\ɜ\\69\\nH\'9\Ï=L\1	hK\}\7\~ٺw\ \ @\N2\Ř\;\\_w~RŽ\,\_M p}E\ ~T\g+V[r׈\\}6܊c\,24\:vٯ~\\"Ul\\=<3cx\\+d?}e})u=|\w7l\_:I\\\]*p\g\\FogK\\Z؟>\r\w\\t_m\\\ݿ\w\2\l:\0\0so}`}|\%\\vC\s\\<r%߼㇄Q\;Ċӻ \rH{s|u]|\!qmw\9dhV[\m?S]dPY\w\ \E3gٺ\wJKTr͈d|g۴u+_\\\\G\p\!ż\U^\3qǲu}\\0w\(wc|g\صw)HE<\Z\1F࠱>E@s\\O[\Xb6HD\\f\\E\\.\oӛ\\"5`\#T9\I\\.tG\duTB\"\n\0\0\!\\G}G\Zs\N\N:\\fqZ8;\0\P\t[}\0S\9dh\Yu\>\;Ԑ^\R6N\'{\0\ݭ\\;E\tж\|\wgm\\\V\1\\u+\\3)O0\[\\𝣜j\0x|M\\0\yg\\DfKius\\8\ruA\\PopG\ى\5Y\0Iq;0\w;h\1uuuPՂQ_\\'7լx\\f5\O8\w{\#!5wQ\\)v1j\}l\}琡13n\O\\W\\~#\^]&Hz@0O\\|\(*\0\b\\7 鷮\\\'\\v\1\=n5lv	a_oSn\ T3@\V\\E&B\|@,2>\ϳk\\QsPM%\jxPߺƚ|))\0|\w^\\N\1$!r\\i\CTT\Q\0&A5Qϭl\C΢\ٳO׺C\w\=bD\%䢋0v<uuiZFUUzr!\0ٻp:\޺hn{sU\U\l~\;\\<\Wo\wj,\0\ƹL&\\\L7\/뮺l\"ZƟ\"2\\-;\0/t\\,\\\Hi24+	\T\0s\'M\\7/b\7SQ\\\\%||\7;\oDo\4up+:׌]t\0\\\og\0?nߑ*&rd4\1\;\P\v`\&X}g\/\\G|ǐ\n>?y\;x\|\Q\\s!Q\{svÒ\\}Xpm;1:׌(Xi\1D\\\\|_?ϗU\Qʮoi`,O!q߉\\X{V\\\9t\n~#ǎ!R\\mwE\a\*8XFJ\l_|\ؽs+\ˁw\!\\j\DJ\\:\}\\\\u0	Hb{7$\\\wU\V\k\x\\XڱJ\9t\\0\\04du0`|\j\X\0\LCJk瞽\֬R:;O\e圣N\]?}ؼcw\\oCJo\-#\\\v߷\\;FYe\\5\kXW\1+\6\\;\ƭ[}G)zu6QV\r\Z\0g_\i\;F\\\\nF\!\\mc_NQV.pdU2ů\UNm\`\R:;\\\C\"\\\'\wK\V\0\o\|\0h\ih迖\ٯ]$Y~y=#\Z`ξbUV\.(0\w)*\0$azo2\1\*P 0\\\'|\8}\:\b\!\g\\D*\\\}G(L@[\\\n\\q6UY\0Y`_2Hy\$\\\;\\\\\>\n\0s|ͪ\\V\N\ǵsH<\\;HřEx\Q\1\.m.:\T\gRu\\\[m\\}\\\\\}G\ɧ\"	6\km\/VuKh\b\r9\Dص{\8\\0\Z	\Ū\]Y\a`T\I)\r\"\n\\\$E\\\u6	\\+}\8Y\\0mm!\3sH\\\"^\n\*G\00\giB`#c3s}ǐ\\\$ћ.J%~`\\\qBU\0On\\RYa \U瑣#TT&ղYPU\0\\\!\"RIQ90.pd\9Ȇ\0X\f\0\CDDʯ.\>`G\\\.\{\0|BDD*C \n]9\!\kq\\"\"RY^\\003D|4\'DD$Ih@\0ǧn7Kzyo\\p\\)G:\\Ʈ/\׋{)\0ZZ\\"\"R4\n\0\\\<8/\4\ŨDDrR#\0nZ}XxWNW\m\r9>e [sL;F2~dپ_B1\C]l;p;;	#9.t׾t:L\\\\Ȧn\\\qw|\N\"5l@\\\\0\U3T\|8ǸJ\P]~\Xny\n7\\n\ݝ/j\~ڴvq\v=yG\p\	?\\\Ա\\1\\\\\w\mn\\P\x\b\`l\[\\u-*\0\`g\'T\tͬq{\Lj\#3\>w\vb\n\;R\\u\\ps,]8߾b^0\T\0&\*F|q\3|\WkK|>\[4a\\Eѕ׊Ù|zCz\0\\_⤹!\_}	xʐ8\EGq\\Q\?\\\[ܲG!\\^07_5kgbS&$\rL0,7K.\W\\v7{5Y82B1ѷqF2\P\\Ūy`\f>\k\2쯵m\Q\q\;L\!\?JTc\$c\\\<yO\œG1-\\/+6\(k\rF\0^`\z7\\\\Vjb#\0\I-|2\v_8v8\\^ڷ0\X\ظgaӞ\l\wbL&eR\\gָ\\Z\̜#Y0au/9\Y,\r#뎇o\sM\=\n\\\\Q\0ǯ?R\\~ﺊϤ.\U3\q\\\\B}1:ܡ.:tܡc\?xq\4\3eX\<jSG71mL\z\w;\\u;Ǫ}Ǒs\fn\\\\09޷b}\0)\0t/qАM\o憬\(ɤfof\\\\\8ؕ\\^\\`W\\^\\-p,W\Xo\\oȽ+W$|QJ9eL4Mu\34ե\XϨaY\572jXau\\r0{7S?\HO\w9\	(&{`DG\Be/\0t/qgK0}\p\1\9\\:F7\1{\\qVs|\\\(ruGXL\03\׺\>h;V\\)8fK\\Z\̛\;٥Z~$\1\\\ \Z\rHYM\\|\rRx\=i\"+}\\\\Z[e.w\r\PM\\*Li͍\[%\,8\\hb\rBY\0Y\㋔\\$\&Iw\t\r\Z\0\LVn/)\EJ\\|G\nv&]:\bҤl\P\\\/g\xlp\1=%Z\oN\0Uc\\\U\8H)M\pz:yy\01IX(o]\r,x-RJ\|GO\;l:\\0\\,#\%?I\n-~\\)a[_c\ \$|\0\\q\\V+%/\0n[@5ʪO\\O8 J\i}*[\R\ն6˘\\0\0 \0IDAT\=<$[F0\\\Jzϲe\x~\\\cH1\0\\\o%-\0\"㽥<h\0a%\rP`U]\\RODD\LZq\Ժ6wQWw\X\"\"\"/I\'~2 \*ձJ\l\iScI&\H \0w?e%YiWB\M\T\K\l\KqҌ%9\\0\Rf\\\G\\\d:}$V}&\;B:\?\\\5z!\C=/\\\n8F5p\\3 .J\1ԃ\xY\n\\5/[Ե:fmAI=;n7\0֐\nwr`\P!\\\	T3Fk;\J@/t(R\?\E|ʤ^:u\\\\Ƭc,\\0\\\Cy\6\\7\\">]7{\rY\TΌwܸ\w\n\0u5\rك.\0	4\"\i#gs\l\d@=aQnO\\[\\\Mɵ\!k\ei\\i\0gos\'v\XK\">9\x\+.\%}1\0\?Q{\U:$5\[g\4X\\<Xz\53\\1cHI\ow\\m\0\87\\A>Oī˦\=K5KNyy\ĒZ\U\0x\.pp`^LħZ]M:\?\rd\$2@)\0\gm\@4\O<Oħ\N\KpMuj+g\\7^\\b\Qd\0t\0T6,~O\Z̉\rx\r\4\\\\[֚9/g\o\\47d}Ǒ~RS 0s5\\\0xrn苈TZ&]\޳]3K3e\0KƏ`\_&}\ԧU8V;ut`Ɋ\\2\'\\'z@cR\2).<\L\]\\dHRo]<7^<u{p\\\Ѫg9ڛM^$p}s\\|G)_|O\e\\v %r\­\\t@C6̈́L٨	Aqr\wA)\0=|R\	\\\R`	/D\\n\^`ɼLW\\k\\A%y\\w%@)ԥ\\\۱\Tz\-]?\,B\'B\@So\\]\08\5\#\"\"R~Z\r\0D?Wd\\-\"\"\"R*\0p\Я\\\\\A\') phů\hݐןG\0pED9\\Z 2<\0\"^=4\"\"\"\\0\p/\\\\[\0\F\\r=ȩiQ$ۈ摾#\\\0Ϳ\du\{\G\0\\0@\"RUI\ZZ\4\0\P,^{\00cIi򈈈\08\mKKFDDҚ!\0\\%K$\"\"Rf\0\\{V\,\0q#\"\"RM\p\\\\M\#\"\"R~\t\\0\\s\0f{Sj@@\(Y\0XךKJHDD\4\0p\\޺ƚ\\g-\0z{\Bm\ҡ;{?\0\Z\m\0\\5\EDDp\\\30./_\\0\0W\jv\sjq/o&	\\0\\3\\H\:d \"\")U\0\_?\#*k\Z\n\\pƋ3\0Nğf+\0\\O$\"\"R^֭V\/V\0d\^\\D@\D=/\iE\W*\\o$[\R#$F x\i_;\QNTF\\\\9\wDP\0f\0CTNAw$,PJq*\0ٹ\03\\\\DtG\Y7i\0\C-\\OK\Nf\F \\q#$F\fAӢ\r\N©#\0Iev\\]\wT\|\HFD9\J\#I3\;HE\6\0$M\0sv\R@\0\݁`G\d(fho\;F\# pNk Rncsj9-\Zg4kG6[*@K;s`fƜ\G\")6g\\\Z|G)(a\˴\M\0fw\\\mLE+\0ģY֥\pEͬu\r]i}\-\g\\_\I1\y^\\\2)\Eř~2%l=M9\;L\9FI<)g;\\MfI#r.\Ȧ\L҄\`d@Bߟ)(<\T0\PLe\Jgw$\rWA\;o\\nfjtDM\o	19\I_g\qi[iT0\#\0{bi@bdo0\v\Q$6Oa\\Oc։?P\\`V\r7Q:\\0p\08,@?\;ǜfUt\2@\t\0\\XPbഝOi_\hK \0Xm-p\0(f\7\\\FB\G!P7\i\0@.\'n8\0O\Z_A\w@N)\0&#28T\0z\d4\0,\\0T\0H,\\0q,\\;\=\0s\'\0nH<\]RaA.1?\I~\^\\^TV\\S\\T\0\p\\-\0\iD\\^l\Dn\\\H\-\r`0N\0\XiDu\\MmJ\\:\`<@\\f@Klup\|K֣#\ i \0cZ[-\\30R\\'P;>әiAKg; \\ \Yj/1T\@\0ĕC\\0\0\\\.\?m\n3a\;\	Ԁc\G]\2Q|G\0j\0w\\\H\9D\\nx.<\;\ j	0\0ݮA\0\$g`A@gFq\0\"72Eb\pq\}ǐi#\\V?c@;B\`*\06v7Flo\-\\0\q\5cͮ~a1}\0\\NBJA࢑\SR.\Q8W\\g)\1(k\nphQԌ:U\08TiBs\0\0hT\0H\8\\]݊E\	\9v\OBJE8hF\0\4zY,G\0r\&N\R;\ZC{Jm\\F gSc9pw4\0-fd}ǐ3\\\\NCJHa\rP\;H\4\nP\n+\07h\\ T\9\\0%5g_j,T@8G{\\)Ĝ*\00\CԊ8g{U)bw\\]?CJM\0\0R*\0f\	n\nX{\L\t\԰^W\@\$f{\s,\\?R4 mg0QA\0\;V\0\G\04SJjV\P\\ki5]\08> RӞ\(_F\n\0\\:l\\"e\0\\)2\09W\\`\\Uȃ\gц1t!Rn\n\0I	]\wd\\N\o\n\\4\w)eTT \`\\jq6I\rHS`*\0$c8\4[Q1/f\ٮɠ)A\0\\0@c{j&VJA.&\\|J\\0\\"C\\\ٝ\Z\;F2\\\p\x-dq}s\0z}\n]N`\|\0eIҘݾsT9\\4\XN\\<fZ9ǳ#.\"rYHx,s]\n\0I^\ّ\;Fm2\\MS4D1M\\\\0=s7-ˡ\'&5j?I&= =B/cԎ(\rQ*ͺ!\\T}#\0*\0$\"9=PK?\\M#/QßЊpFw`p\wz\\=[\\0T\rտxǈY\p\^VB\+\w\͚8$\=T\\؝w\@=8k\櫾\W\h4j\\0\0fN\	\d}ǈ0\\\\'kb]%cH0U\0\L#\0\"/=5î\w\\F֌\w\":A\09\x6=Nb\՛B3\r<\r:\)L}	\8\;H1\\UKBO+d\ZX=\J\"RH4@hv8}F\Ә\\\r\\QW\\/g{\0a7n\AD\؜ξ`\(եo_\\\Wj\'9;q\잠\B͑D\\plOMQzs\\~Ú/5uL\lE\ӈT\x.Lex\Oq}ç\b\I\\\չ(}/{\0u@9A9eVq+\mIQ\}*cm\8\G_6=K\9.7u\s\|G38z\&O\z֎R\'\*\E(2yaCj6;S|G)\'*t\j\S\'hEbDK\0l@\Z \n\p9\N7.qa\^\\hW\NUͳ\SI2p\Z\0\0\\\0iDb\p\\3|&;\R[\rc\U\O>;\r#.!\\"1\:\\@fD-$\\ÙQ܆L\\\'Bjv5M\H\\p|hG6r#\u1:5ݐ]\#\\\/%\0pŰ\0FGW6\y8\{U0\\zHZ\\\l\\#\0\Mq\[\+\"Ep\*MM\<\\\"%bf:\\[f#)-Ͷz\n#\"}\'\\l a0b8d\\\\0i	 \ğ/\0lGD\\OF6C]\OIH\0\\~\6\\8ߺ2os\i\B&{\"zYyag*\0\Q\gs}Wuu\\c,\03{\\|\"U\\"/_\\.\d 4\_t3w؜\]NEjY\V|_\q\e\0\\Nn@;kԚB-T\n2\\]\KU1-\\yas\r~2HY\r=Vړ\\\a0hѷ|\\^Jl3K_\:\\.X\$\"W\\\\\A\wI{A\n\)\r\K\h skO)ZZԈt\n0\\P艾\'N\\\>	\09\0αA\J^$\\0\)\S\;T\0Hm\\n\\\)\0N)\0.\VDDD\\\*\J]<p\s\\f)\0\0੓W\0\0	\\\)/\0\0\pn?\ɊDP\0\\siT\0H\P\0~n?\0?\\@YeR\̺`\B\X⯋čx\\\ig\\\\)/\0\0\3}\"\"\"q\0~\ \\\)?-\#g+\,k\"2\\\yu\g\\-H\0DD$\Pg\\w\0<\\0\\0\"\"_Z\0\9\\g-\0\DDD\@#\0\\\Z\0\\y(%H5\0J|P\^\0\0\~]H\"5\`g\'>x?\|G9Qܻ\~vjnO?\\W\u\\Z\0\0,+}\r|\s_`\F2#\Rh\;V\(Ge\G\q\g?\7%UN\w\sxO6\\e+x\\\'1-ͼ\+\0ȏzNoaC3I\0q\5Gyɧhj.]\.Y\c<j@4 (\2@Dbl\}ܽ|9mO?Mt\4\wa1u\\ύz{Q\\@6\wn\\Df<\\Z~f-.\\k,f\ر^J04\0.\\w\\ndDbj瞽ܻb+W?E/<~4_{IN梐=\Z{\\3~ΞbWv\;ud%ps\\%2ib%J*|\;_\c\g9\C\}\0q/@c\.\zAV[\Y\o\\\N\0\;\qv\\\;vi\'t*ś_u\\Ozd\36f\F.?W/zS&Hq\r\\(\\$vse<f\9\rk\O\OX\'\^\wo\E	*\\\)k9\\x\_}\\93o\L^t	N\\\R\zB/7-Yqǜw\+Y2*`\ƍZG\.=\\ J\\;n&\r{S{ɏtΓ?@C}K/_u\ǭ߼73s\T^t	sfL/eTR?pt\\yw\0`e\jȑD\\\۹gC<aÀՏ\/ׯǦzSo+hi\F=_}c7r\tS򚥋;c\`\ILFo\\;٢yן\q\\w{MԨ\۷s\lزeϽh\\~\FM\`ǀ_uM\FM\\gMiظ}g/|\9u*/\F.7w0Qʅ\\0\\@d\\Z$\v\&\j]ƖA㖛.sMc92GukI#7v~\rH>\57_\\o\08as{;fNƫ\\Y|^EǈU\07ne=\t\"*~f~v\l\\1\A?!\Z\IKv K\?(]7\\v\\M\\N8W\|3/]\07\"DK\Zݹd\\\\\5\0\t$̌g6l\\\\s%9\E\k+H-I\q\\\:l\\/`\֡r;v\櫷}&\U/{\n\?0\\\>/\0\g@\%2c͆\V\w|\\t#7f:{6\((7j*a}Ӑqͥs\\\0\\=|\1i8\xW]r	.8\v)ReE\0A\\en[elJ%RA\'Nw\\0v\51y\!ǅ\Zl\\(0bCoԳc7\\Z\j8n/I@\\Dt&~\\\\c\\s\\cipD\/2\\k\r\}{Τq?d\\n\\IFb\HrcJ&w>v(\6cZZx\\7r\K/#8CGBD\\0fvےٷ\0?é\0\F!=,_ξ\Xw\EKz(SOn\\n\FAQ\\i%=\\fr\s7\Z\{W<īn+/TѪ6\0鈟S\s=b\駹A܌3fº&rR[ɏ]\r,w\Lp?sJY8ȷ~#\|%\_\\rW^I:=k()3M\0r\L|K\\ۭ\+Ka\cO>\]\8tp\_\/6\Z\ndfB w\,U\\\\y=0Ko미L&s\'J\\(\5\n@m?0S ~\\"?k\|\A9\%CsS#ǜ_P\d\J GnD}ڤ46\\\s\́J\\\\|λ\\Y|\u\kȪB\\0sw)/\S\"_\sE)\ȪUܳ!n~\e_\'o\0IwſQP~\d-\nc\亁r.]]\\{yࡇ\Xru\\\r\\\0(\\n(>i\'+&w\rg,\sE*\\{\\n;\;\0Wf\97j*.w\qƔu\O\\08\hWx\=\MW_\\믥\k$(\_\\rjaPWCOwo/\~y\\j3k\\ׯK\\r\\[&U\\L\{\Ǻ\,{1]w-/jeT,\r\<-\02 ,y@7zs9?8.\N\'L0\?eAޱ3i\FAQ\\`ATL\\\\\ﻟ{W<\\W]\\oƆ̃H*3\r\\1\<qPeݾ\\^\\"/F!=0w/[N.W\\\\ƌ\kZ:C\ؙidVǎ\9\rqcr\\rܳb\W\f_w\Z\nH1?\;30\B>W\d=^>_\\[\\'q-\d=2\\|\܊scg`\ʶ\n\\\<9P?>կW\y\\?\\w\A\0?cV\R\.Y}\\\\\\;N\\\q9o\"7]Jw4\\wHI\\6li\\Gex\DGꆥ\\})	m\;\cH\\<ll\\\\\\\\,u`\(_ւd;Ka)\G^@\X\\#ʈ&2\0\0 \0IDAT\'<n\l\\\\\\\GY\u\\)X0}2SǍAjQ4\릸AO\Z\X|S ggf\=\]kO]\\s䀧d3ql\Z\0Wy<.,9\w\\<\k	U\D\\\\r]<v\ĈFf]0S\'2kR%n\\K4.A\+&sw[@\Kl\\о5[;8\\{\\Y\+nhZ}\[&\\\\\\_a]Q?F\9\0/V\ucQt\VÇuj\Vm\BC]9\'2w\$fO\e\I\"#Jm_6;P0(\\\ݾ\P#W(lٵ5[v}\'\\\r\57}&\\paT\\T(ݷa5[_̈R\3w\r\\\yjvڼL:\\X8}\nM>\-Z\[R\Wq*\WFO.φ-\\\rg1~\\MU\}[\\HP<(K9Y*Mn܌.;j*\b\Ǝ]l\\E8&\\Y8}\n\\d\?fC=Ȑ+-+\mp\P%կ۟cC.\\;aT&K_\B`Dd,H\;n\r{7\\u)\ȍN#W\{s^Α\EF\\\\/{F2g\D.1\#!hu)*lPY\K\\uIn*9\k\T\0ԪG\ر\r\wѱw\N\.Hih\\U#߈\\BMk5:\C\<,^@iȷŇ!|r-cG63w\$\LX+\n\na\R$@\|(ߖ_R1fƮlh\\3[:\|\44M\r\s\{(\@n\\=K/\n#&P\w9\\\@Cs鿇:=MØ7usN\\	\WCM\@%)\0^2u\n\\\RO*\\r[wf\vWtb.CPŗT\'\Z\\V\(6$?z6\9Y&\"JQ]rlcy\;\L`\\̺` \Z\e\\J$09Mbyg\\\r;\\W	\\\2#{K:U\ΥQPl箒;\6]ݝө \ޙG\UU{\\՘R	!\\0Ap\n( b\"\v\\FDHETD$2@2UJ\Uo~w:GU $5s\;\\˕|SU\}\\'y\9\\\tA̜\\ٳ\\'!⣎Uv\a\0\\d;64\*\0\\3\srwc6B7-ђW\"-\ \.f\$0\r\(a\kO$7	\0# #\\(\z\@\0\\&\\qάi(T\\03z\<\T\0 L{bgcnME\e\uH-cHBA3\0G1j8f\\ip2( MAZYX\\cl[ڰ\rK\m\8c\d5c*\Kbzuu\Ϝ|hhp\UTZÎV\EX\\\$\L1|O>axH\"!=K\ɵpن\\YSq\p\x6˜\ZVv\0s\0s}#=ʀt\8:h\\\\\)c:\\\\\\Zo.\'΀\Ьэ5j\\::\\n7M\ѰiE*39z\xN/b\0@\ˤ\"\\\\#r\-\8Be\0rNCzx(D\T\Zw\#{waOpI;%nU \GXFpDzuM.\0\?o?0\\N?[\ıp+8]MG\\rђ%^S\l2\>}	h\\X%\Z\\܎\+b\\1HgLgW\`O̝\Z~+U=\Z\\DTK#\]ز\4!]:\#e\\ad\3\Z-o5\n\\\Ǐ?H\n!ؼ6\=X8gMNu\\\*@`W9\\\\r\n<T0-ڷ;)gZ\\r\5`fR\\\0K\ͥP\X%q\\\Z\s!\\'8>2Xuq\"gxc\\\0j+NNphیeJ17gFl7zB\0\"ӱ~\^lرOG.Nd=]+>\2N`\4\kO\\sSQ\ZHiDu&x\&q.<T|\\J7Kb\^\Z\00g\Z\x;A8ӭ5\rô\[;\\0-\\ܤfL\u_P\0\\\\lt\{<?~&xؿij\"\sÊ\\4覉U[v`\=\\SW\?\pa΃}y>\" `ǫ^p\\01\[kD-\Zl\[H\\\@(Hy\؍l´l\\0\n\7\Z7\eY)\=\K\\0-R^\(Fia֝xc~|\}g\óO`P\`\z\\\Fz\\\8F7\;M\]xٗ\j?\:O҇Nv\w\\a\\ì)U\01 Xa+~e8\\5\\\\\M*+\Z\0R\w,\Ʋ\r[\\hiBaD+E\x\Ӑ\ۊloq)\|0\3h\K\{\\5oT\\"\i\\q\7\#\0:\iVo\	*;\UׁI4&{`Q!\?\D׽\\\N1ӛ\F1ĪkE\ZƮٟ\HW\;\ItYF\1q\I,s{Ʈxt\nt&\\s@0h\8\2\!\0@\#\\ndX\Փ\=H1(;NҝL\\Y\0IF0Oa\\\\\h=9Z1Ee\\˚7`K\V&\'\Zi\02m2Oټ㸿 $F\0I\K_\4Ī\\$\\Ѱi;~l5Ғ]\\^,\\[u\),\}^%#L<o\{ܭh \"b%\\+\0~p?|A&q+Orl\"\\,#\v\\'~#{kL\sg1Oڟ<;V1PY\D\n.^ny\\Hbd\\Zt\\0%\s\\\\m(s931qa\x\?ao\aђDЫE]{\0b\\	n\Z2Gw\$\\\0\~ݿ^\ZA\ލ\,w✥7)0 Gw-<t	\\+V\xy<\0\\j\\cK\Z)A+_EŻ\u\eO<ܲ\;E罏 M\9O\~+\ZmX\{38\9[M\Dn=\i\00\`/\AkwO.[#1\т\OVʱz\\>\\\\D\ kn\\:WC\T~\\3Vs\Ē\8\\\(!1OX\KcQ,\0P!]W2\,]aRthh	8\\)}q\w\~h#\K\\'mɼ\\0ں\ggF\n-\\\fTa\ŋ\\\\{\d\r\\Y1\\u \\\KW\"/g5\`.a\ɻj\5&2olA\]@=\ߴ\\\Pl^{m7j)\1w\\ŋ\@\W\a\4Wǒx~ke\+?\\\\\'v5#/\{>\J}w\B\O\\\vmݍ7\0I	n[\\Lt\nO.yO}*\CB\		\0f\f?[,^	\ː\\yp;6 ˨rnY\~\\-\'\yk+\0As4\qGl\r\V#jKGZ\\Z1\?\\fB٫͙\clܵ_\rQP<}&%\v*\\\\u)D\\!-C\x\'sM\\\g\\a[#\\ڽon\1ͯŅ\01q\&j}h\\ŒD\(zlJ\w]\Ҧ\'\1뎟\\\'Fi\"#C& {̯C\e[&̬\\=\03?\\\5\-szƄ#\Z?- \ ؜\\W\+o\%\x@\\0d[\{A݂OG;~\]\0Q_\ظK\"\|R\\%,\Ɵ^y$Q\\-)@m\0\hش\\[=\THU\\}w\^|e%R>\\s\l\\py\帬K*%\tM#oJ$+DSu^GO/Vm|\EBxh\f\\\\\э\[wQؖLWh\A\\a\E}\~OxV\7R읻\uy\ݐ\q3\\n\\.*Kς\\ymf=x\i\E\0\0 \\\0|s&\"<Mp	ҋ\6ǔ*t\ZO\w7\v*\\\ޝ\"\._\x\;,]@\mɶCmt\q\\\(8Z\\?=?-$\08o2\`ߐBزZ:Kb0\H98CH\\?𤲌\^nA׏\nWP\L{@zs\Yf\uٱu\\sH\Zw0I\? -ز\?C\0\,&EQ\0\0\>-а,\6\2\Z\6a\*\;4G_&)[#q.9\\\nƲy\qG:8i{pO\\ȂϪ n\Z]y\u0q\;zPH\0\e\C[\\\nXxg\˻\\A\\" \@x\F7 [	HU9-SF\|\\%{\\\\0c[\\e\\iJ\0\0}mxJ\MG\/?\0tv\vs k\r\p>8Y݂qtw\#\"F\k_2O,\m\m\\_\eJ7\k7#\U^艹g\ZD8\0\0\|oǱ~\>\\r_|6\0\fӰ\A6O#\L$MЂ~\\`\\cT*\&\\\\\V\\8mI/2ܷ.\\+\ 81ӟB\\:6\댒\wE8\MaMߢu\9֩ӿ+\H\\i~{\\r46^v\k/\jj\4\>\\B.\?7y߿1id\w,imnwU\ \0%g\r[\r\3tժRYR\q7E\8-{\"\׻X!B\yg\\	ot	H}nB\ӡ])U6y\~nȯ!eFL\n\\:8\ZB1Y$\}S ex: )\b\޽W\\yz^\:B\\0`.c4\\0V\a\΢^,\rOF\s\{/\yZ\n!\/\\'\\dH1)d{}i`S0D#\#\\mR60-!i\0\0\0Lc\	xX\0h\MKB#a:r	+٫\s\<ٛ\@p޵`Sx^[\\#!\\n\n\	V>#\m]Rكw^vf\-\:C\\0\0\0\1@\f5\\v_AɄgY$\_b1o\C\=[\\\=x\g!ۂi\޼S\n]$Z\PH\0\\t\ZK\e_H	E	q#\\ᖅ݇S&\\"\/yf\=]sˮC\>\\S\\n \0F.9XضwHU;g\ϝŤ.:\0\0f\:V\c\R\oy[p͞\{氄B}\+`ш\n\\\"Ӄ9/,l|\\Mmm\\g=8\ja\nD\0\0\0X\07AHlO?d\\ѻ=;dW^ml\\\\>\\Qv\r2oXz0m{\_;*ܦ\]\\#\X\'cU\ڻ;U\O\G2C\\_\\\8\|\\"!kG=7ev+`\3Z6\neڍ;\\0\0\\0g\\3ɢ\\ԲR,Ty]@3C\<\~,lb\G\Ne\\;b 8\gҳRH\F\\\\\7\0\0\6n\Y\\Е?\\r6-fL/C((0B_E_7wJs\+\Zgl$c9\\].\B\;_\]t2k\\jfˎ\s\\~\^\\}\ԩ{F\\(;Z\ߟ\R6񲆋}c\\W\&\n\0\0\\i\YFkt*F\DKp=\OC;\L\\\\ g\\rā&OOvg\3\ë:\%g\\b\\0\0\0\m`p\\\m\C|UP,.e?h\\k\Z_\/\j\' (\\(mH>!V1jm\K9\0\\\\p vdҁoKE\rsNb\\r\\u\0&aIh ±8|#\2M	O&L\\W`1\\C\\_v\\r[\\-\\r0- Zƨ \"\لԵ\\\\E{\\s/+R}\0\03٦ˍ\w\'1\N$^S\0\0a\\0\0\0ؤ:\W\06,\p{kh	׈0j\|\Xw\"\Z\0@\]zFx+\0^s4\`\N\Mk\x%P$\\0\-\\\\i\,\|g\5NiD╢e\nn\Z1\N\\\%g[(~2Ƹm\\0wc\\2\+!Z\\бHaJ\x\5Atv\1\m+j|YCC\\ǝQA\ncL\u\0\0\pxD\\0xBrh	`\Z:l}ȃ\0 c6\<\0˔\|d0\*\\\F\\\n\"b_볙\}\}\0\0\\x\\g@\G\nX\&n|\\qyq߆\ro[\IBr\\\\GπB\\0\K\\n>\CEP\0\0\\\\=f\OD\9\]b\\Y@\\씠\\	bU;s˔\o0le\w{`&\0\4C\0\\0p\r\4\n-\*\b[˜\\Tj\\ԼW\r`\?\"-cD\гp\\|\0\\;Mzh\0\0`\n\\0]6P?\nؖu[\\2	Xq8粬\_\Y\SF@\Nlw\aPT\0\g\>G]xK\Z{*wԹ,\\aBG;`\fW\?=AW1\"L=%Քb9.\'\s\Ec\\]\0\0\0s\?A\HF.UQ\b5E3{:&s\Ed?^]\ӿm\0n1[f\N7\HEQ\01\0@\\Ub\D\k|Y},=Hf<>8\0\Neq\3\\"\9g=3m&772E\0\0f\\0WZ0\:\*\\+kzhS\0\VoIN4e5>:!\|=#>3Y<\r\0\0\i\-\0\CQ8\*}\\3iP\\d\o(RHOl	г	_	#?\j\:ܤ\0\0`:{B\:\0\\'L\\Pw}\"\\]ۻ,@sM\\&\o\iئ.Z`\Cs\\n?,Z\}\0\0\0\i\:!R\\\\0z[xS\e\	x\0l\q\\\\HE52\2\n\2u_8̚N;ph^P\\Ƭ\\0d(ɾ\Z&\ǫ\\\k7{0MC\u-d[0\t\?[E\\\7\y\&\\	G\h\յew\wT\\\\\rR/\\e5u\|\oA#\\NZ^R\\Oe\Ր	\0\0\l;1|@_phU-hI燐\|\r\ޓD*\\\\ZnGǜ=\*mS.;3h!^RR\0\0|h\Z[	\?\%cE\Dxa\\\$F\\X\MOO\'\_GM[\0by0F\=3T)\0\0\0.~Cu(\'\\VP\7]\r\\3\\\0\0IDAT\\O\p\Xh\b\i؆\R@X0e$\0\0\4C\0?C1<i\2FLsstݝ%zA	[n\\\u{8\!@D\Kϕ|\?\<3\:DQ\0\0v\hт!\\X8\k.u\p2W	\/MF\N!\\1\_2(\\0`\f\1|\\\eܱ&	\\%-k\\\\s\$+GZ!\	=@)A\\O^~V\)\0\0\c,`\nG1@8\tرy\\A~\\Fm\-rcکRgJݯ<x\Yh!\\\%Λ\Z4O(\WrQ\Sئ\ro;P\\?ek¶\E7	S\9\\U\Z#	~\g3y\"h\0󧱷\J\0i\ZP\_W\\:\Z,\Pnlx\#\'E\\V-cPs\3=p,it\n\0\C3\k |ǋv*<\l/D\8y\rp\n䘦]Oɚ\'R\F^s\\UȄޢqh	\}\}\Xu3#o\n56:VSf\\\5\u$\tF\R4\0\ًL@jBee\θRW\'p9uw9^yA8VhK.\͟1ങ{Vy\ZdD\0\+\\SRr\\0T\NR;84\F\aqH\\}AQ>Q\\?F6	\(ݱ\'g\:nz\ZdE\0C\/\\:\\~\0XBz>\;9R\0\Zٴ6-b(\sIXFi29k\՗D\\0\_+\:o1I8Vh?&=װal H1\0h0p\\mbյr^A`\R%\\?S<4S׈\!;*\0(;p\5\2\Ou(&>HLaٱg\\\\\$~\@\\:\%B29P	0IXzV}ʩ/=p˕W\\T\0P w~\\|/֡8\4TN.|6\F\Xc\\;뒧5\r\\w\OK\%=\\\N}\[\\\\`໢u(ND7Yay~\\\2\\ǠUc\"	Sk#\0F.	\(\87]yh~B\0#\O߿\\'\0UŉD+kĲk\~p>\n+V\"P\qF\3o\6\?\VT#*\\f6\\|\P/Z\P(XR?\\\{u(Nb\\Q\2\4t\\'R{ {z\09}\\\՛a[!\">ah\A0rR\'0v\\[~$ZQ(Y|uw*הMCe\_\\=Jw?\3Z\\[iT\\\0c2NL\o6]߰`ݢ~}ǒy\q¨YjB\;\!y\N`ZsyM[\\3V\S\t\O|:\,\׎\׭X8\0%_v\(a\+ Zƀp\\s\7\?\@\\\\u\N+E$^%Zƻ\\_ʛ?KƯ\\q\-ψV\wT\0\\0\\_\4\\`䗟\n׈\\!stu#w\\\n\}\7t\/_nbFO(VꉢeG>\S\\`\\?[WR\0!׼70Fc0\\Ђ!\JN\\tA_+\ .9Z0\nɶOu\JzM\=_-XP,f\n\n&ɋ(Dg^Z[\\<\0h\n-Ò5Q\r\nc(\?,\3\ II<\f\_Zp\\[h\0y?9b\0xMEH\\M-\־m/\tbp_\\0l|kbFF\qu\MwD@x=^*\0*\0p\\u8֢\#V5\Jbϡ#C~\riL}\rh߶mo2G\n#Z9ъqe\0\0,#|wT\J\cXk\%/FU_\*\0p\\ΖO؝((?D܈\\aE>?\pu\0O\Z\<>\AB\8\\%&\g`d\\5\\}+>vJ\\\-\\*R͛gޕ?\>F\\0Un\ZzK\:u\rQk\\wh:|#\;v\X\\h0*\'\_+B]p\\7LbGe\0<\ۯ9\T#h &͒\)P\g|\ \0\rjnVPs3`\\tf6NIRIo=O4,Em \[XZ?o\r||UO%F AE\4i|[>HWSs3`\i\4j`\!P1qܶOut?9iU=ޡ\0y~\\`,!\0ϋ\R\㕈\ԉ\0h:|\	N~Ne:\d\Z\\rXpYP\r#.6?\j_j\M;D+)%T\0\1\ߦ\g\\TqxʪkL\\%O\0e \wϭHy\rbU\	0Y\\Үã15\}|PE\n\0h\<ko\0(ݜhC)E\D+\77\"}\+\x\\\&$qoOr\\Z\rϗ \P@\_\\\n\0*\4TL)|\[:\\m\U@\+lhy-\f\P\K\F>\]\|C\rh!\n\0\VFREP9i&X@l/\	Pk\p.4S\o\}\\\α2@\\/\0H\΢b~\0@\h	EPY7Cة\0v\9\w#\\@\\098\(Nc@(\\\>z\K6\O \\WM\n\0~z-n\zJP4\)A۶\ŵ\\	j\3~rjpa\SxyWba)\5\{˿-Z4\0Hƒk		!R^\Zq3\W\T \\?\h͆I\mTx	lW\5,h%\0	y\\\h!JFXe5voOY|OdR\\\\\ZĪk]\0Kϖ|?=\y\\EkQ,fhAO+\0bvR0ާmXצpRò\͎\&\\VʺC[p\"M6K-AW.h!Q\0\Y\\?\/\\0TŬ0ʉӅXľ֕]Dy\z\P1qmȧ:K{\'66Qx~^#+\=ô\0&̈́vcMؐ-k\M Fe\L\O~cdX\0~P\2\\r\?,Zbx\\\\Z\n\4\{dyΉi,]\Y\nݻMQQu\)xd\D=\1-Ϳ[UP\0\>.\y\0{\0@\\$<!-\\h$y@\nLr\,o6B\\7z>1W\\2{t\ZJ3F ȣ-WTqo\+R\\\g0\P9iB\n\\\"n\\&K}|o;ݤ\\\0\׽L0\%\\ZJP\S\U\ܐk\\\&|\T7l#\\7ư\t\\\0	W`ѕ 8+\rr\tz\\\'pe\\^w{\Z\h_u\@h%\\7?+Zb\@\\׾0>\0\\ZXu-͑_=rp`Yʛ\XDw7,#:/h\l*P\\?\\͈\`h-E\]\\\'{\\_\\Wf\[\TԠb\\zթ\0\A0_D\,z(\n\ۯ{.\\\K\\|Dʫ\\_ji\c&\OG\U\mzTW\npb\p0w\(r>ç\\C\0>*ZK1BDHK\Am\\V0)\\\\\PYk㛹e@ϥ@/ \[N7־\\#,(XԾ\\N2Lb1py%\|\r\\K\0\"87描\3v\9Ks\Q\\\\\W\C\(\\G\n#\\u\5\\\Q\H9\0KϹ\\0\\ӣI58\\ZH#QTM:,\`0Dm\`\R,tb\jĿʽ\_\'\n7iC\0\\\#Mw\o\r\\\n\0/,ÝLH0A\I\'C8\\mF.\Z\\\\\\D\-\X,mr\y\ط_\^\"h\'KÃ0>Kc¨<˱͟8M\"\.\͟n0\V\<\\j/MTĹq\t\0o9i qd+\-ni *\'`h\Ñg@%z\O\0\@OP 򭆻o\G!\0(\0\0W\?5\\Ceƌe\H\\\4$9\9g7UeU\c7`Yy4Ϩ\\<lo\rݺMxT\0xz\ŀEk;G\\p\\N\rcJX\\\\\Z\?\͟[&|\ZD{\r\\[`(\A\0\4xsEk3GeΏWqdS\@S4-зG~\L=\\;\wv_+\i\[@\\\4,\\,j\\F\0-h\QTMrg}e\FҖ\]kǴ\0*\'\\Ծ7\*\Ϳ1vj\]y\-\\P\\OǁoM\0բ3Ec\jF,=\q\i\Z*\'\B(2r4L=H\-\*=\\N]3\[\[\R(\0(\n\\w\\\}@h=~\\gh=\0\\bpccޑc\Z*\'\D(\Z\G\a\3\^\o\\ګ(\0(F\Uw<Q=M\\nR?a\\Htd6^LZy\\Oi4\6\0LiA\0{\06,fh5\n\0ŨqA\f\gx\zK!\zh̛\0\\S\"`.\\"\m\e4\PQ7ᲊ\\\\6Fr6[P\\#7dEQ\0(\\\'\M<^¿&Z0I\\ZǼפ\W&wc\\mc3aLCŤ\ǆ\\0lI	د1v焪\_-/ݾF#\0@\\\?΀}	\\08]\\3I\Ǵ\pd1\@\oѱ3?\?cp\зH\2aYX8\3\31\~BUl/\9\\nGQ\q\\\\r8S2\Z\Z#@iLAN\Y9<2\?cHyՀM\0\\3%\Տߊe\\r5KP__\\\n\P\U>Y\_0zW\"F\$\ZCpQ<o\y;\\[u\~\*j\"R>@G),#\\9\\3\޴CE\0\'|\\-g]`h=z\8<`\(N\'\ \a}tld۰\,,#rMҏ{$?qE\Q?*\0PxʵO\aעȄ\E\2Uϵ\\\n`\hCy\TD7-e\Kzkp\Ė?.Z4\')F\0\na\\Us\F#/K\^Ã\#	\75\G\Z0ʉ\W`\4i\wt3\,z\\oGQ\0@!\\Y\DO\0.E^0o\8w\0\2$1y\\\'NG0m\`zI\=^<)\B>>\O\m5\0_0YQ\m#3i?EܥM)t1h(Wh\\\\0{l\7F8\n\0RR__?/2\\fWD#tq!|:芞?X\3\?cWAyۡ $5?0j}&ZB1*\0PH\\Ec\\\\09\\yK!\\Xpe|e\iD5g?\9N1t\\"\\\B%ybx\FU)~\\0@\+\>È]`.\0wa\3H,x\Ǉpuߖ?Z]wa<%\2\(\;oHP\n\0\;\zj\'\0m\\gh=T\=zU\iQDt\y_\iTTA\\O@-\\0\\rޔI\r*\0PW\D\reDt5`3\o,=D\APs_\Ue\1D\k2\.\\?M% te.Xŀ\n\0E\?to8i)\0Dkr\nK\!\zpX\\Z(kȲA9ٜ04Lk\(͟@oli\0xq|u\j5}OQl\0@Q\\U\ɀ}\\\$/80\\&\\\0u7@9,\<\'\G8}_C{\f\U\\$ZB\&*\0PW޷$B=1\\\b\0\Ç#qd \S\\0&(\&H7Nh74pU\Z54\rъjﾅ\0`-iK\'6O\\x\n\0%\\'\M<|C>\CIm\ZHm~|WT\"a<o\C-\a<n\Ϳ,K	V&\nk\Z(eT\0P\\OG}}3`h]-\\} ,,\\?&n5\у\@\0\Z0\%\A 1WAX̅\|\\n\eT(J\0\0(CP__\\9+H\"\"\0`\8@De\\\A\9|\\Y\RƯ9k \"\`L͟,m\06ku fŽ\K\0(#\Ml\t>zs\Eq!qp˂\-p\M@`za[\'pǃ0,\pY^Z(Hy\Ϳ\rf0\h9-u͵\B12T\0P8\\'\ܲf\%\\\,\0cs\ no8&Tbor,<_\rpW̛\\\02= lƶ \\rw\\\\0\QB\2\ɚm\\\0`&3mVsA\9ȶNK\\	\ǂ`j\,\V:\\"Ww\0\\@{9\`\Uz\n\0@\\d\}\\|:\e\0\np\\Go\'\l=?-$\\Np\xՈ\p\\n\r\ jX3Z	\ Y)\|B*\0P($\?>1v\nY\\0S9c\\0DQ0*#NQ\p=E@ \B1΂\$,\'\vu!L\\\0\0\'\%5BK#\m\ݯ<psoB(\)T-\0\0\0\0IENDB`'),(2,'admin1234','Admin12345678.','15-1-00321',_binary 'PNG\r\n\Z\n\0\0\0\rIHDR\0\0\0\0\0\0\0\0\0æ$\\0\0\0sBIT\\O\\0\0\0	pHYs\0\0\0\0\nIf\0\0\0tEXtSoftware\0www.inkscape.org\<\Z\0\0\0PLTE\0\0\0\0\0\0\0\0\0\0\0\0\0\0\0\0\0\0\0\0\0\0\0\0\0\0\0\0\0\0\0\0\0\0\0\0\0\0\0\0\0\0\0\0\0\0\0\0\0\0\0\0\0\0\0\0\0\0\0\0\0\0\0\0\0\0\0\0\0\0\0\0\0\0\0\0\0\0\0\0\0\0\0\0\0\0\0\0\0\0\0\0\0\0\0\0\0\0\0\0\0\0\0\0\0\0\0\0\0\0\0\0\0\0\0\0\0\0\0\0\0\0\0\0\0\0\0\0\0\0\0\0\0\0\0\0\0\0\0\0\0\0\0\0\0\0\0\0\0\0\0\0\0\0\0\0\0\0\0\0\0\0\0\0\0\0\0\0\0\0\0\0\0\0\0\0\0\0\0\0\0\0\0\0\0\0\0\0\0\0\0\0\0\0\0\0\0\0\0\0\0\0\0\0\0\0\0\0\0\0\0\0\0\0\0\0\0\0\0\0\0\0\0\0\0\0\0\0\0\0\0\0\0\0\0\0\0\0\0\0\0\0\0\0\0\0\0\0\0\0\0\0\0\0\0\0\0\0\0\0\0\0\0\0\0\0\0\0\0\0\0\0\0\0\0\0\0\0\0\0\0\0\0\0\0\0\0\0\0\0\0\0\0\0\0\0\0\0\0\0\0\0\0\0\0\0\0\0\0\0\0\0\0\0\0\0\0\0\0\0\0\0\0\0\0\0\0\0\0\0\0\0\0\0\0\0\0\0\0\0\0\0\0\0\0\0\0\0\0\0\0\0\0\0\0\0\0\0\0\0\0\0\0\0\0\0\0\0\0\0\0\0\0\0\0\0\0\0\0\0\0\0\0\0\0\0\0\0\0\0\0\0\0\0\0\0\0\0\0\0\0\0\0\0\0\0\0\0\0\0\0\0\0\0\0\0\0\0\0\0\0\0\0\0\0\0\0\0\0\0\0\0\0\0\0\0\0\0\0\0\0\0\0\0\0\0\0\0\0\0\0\0\0\0\0\0\0\0\0\0\0\0\0\0\0\0\0\0\0\0\0\0\0\0\0\0\0\0\0\0\0\0\0\0\0\0\0\0\0\0\0\0\0\0\0\0\0\0\0\0\0\0\0\0\0\0\0\0\0\0\0\0\0\0\0\0\0\0\0\0\0\0\0\0\0\0\0\0\0\0\0\0\0\0\0\0\0\0\0\0\0\0\0\0\0\0\0\0\0\0\0\0\0\0\0\0\0\0\0\0\0\0\0\0\0\0\0\0\0\0\0\0\0\0\0\0\0\0\0\0\0\0\0\0\0\0\0\0\0\0\0\0\0\0\0\0\0\0\0\0\0\0\0\0\0\0\0\0\0\0\0\0\0\0\0\0\0\0\0\0\0\0\0\0\0\0\0\0\0\0\0\0\0\0\0\0\0\0\0\0\0\0\0\0\0\0\0\0\0\0\0\0\0\0\0\0\0\0\0\0\0\0\0\0\0\0\0\0\0\0\0\0\0\0\0\0\0\0\0\0\0\0\0\0\0\0\0\0\0\0\0\0\0\0\0\0\0\0\0\0\0\0\0\0\0\0\0\0\0\0\0\0\0\0\0\0\0\0\0\0\0\0\0\0\0\0\0\0\0\0\0\0\0\0\0\0\0\0\0\0\0\0\0\0\0\0\0\0\0\0\0\0\0\0\0\0\0\0\0\0\0\0\0\0\0#\\0\0\0tRNS\0	\n\r\Z !\"#$%&\'()*+,-./0123456789:;<=>?@ABCDEFGHIJKLMNOPQRSTUVWXYZ[\\]^_`abcdefghijklmnopqrstuvwxyz{|}~\\\\\\\\\\\\\\\\\\\\\\\\\\\\\\\\\\\\\\\\\\\\\\\\5\0\0\Z%IDAT\u\7\\\mNƚ\nJoD\\Z[\M\)\ƘNBv\i2Y\ӛ\d\&OK1)F/\ZlbGM#\Mj\4\<s\\7a\\\\Zan0|\9X\\\-,)-ܛe\Yt\\C|ǐ\f%{k\hk_f?7\ej\W\i\\J6J喕?{_xh\\}TȠ*xƣݛ\\~\\H`\\\C_\)\r^\ \\Gg~GK}9z/\ܖ!\\\i\\l?m\Ϟ\\\\\\"}3Vt\ \I]=0,5x\>\no\\(E|b7(2\\)pDP\\Q%\aU\\\*Fλ\#X.\\Mm#w_M-\,\\\8\vRc$h\~\\\\`\0\rqф=t\8uū%t\`\G~:qu\\	賁^\1rj\\Q0\-z\>:؁\g9\(g\dL] \p\E\=\\d\\>\n\8\ЭtC=0J\@ڐ㰄EtE	0\+\Z\\p<Z^J\\,1jI\\F\q4~T:\\鴎Fu\.\ӪizZ8\\$i3SlN[\\\n\8M`V,\\\Zg?/>\Ye\\\\\9Ed\8ph\7\ÙB~SI*\n]FӷF\\0gI^fGA\F=}}%\\B\ZV|7\\08\h4ЊN\h4\롹\2\ZP>:͠\H>hZ\Z94uv\ZAjh\\B\ZAQx+4\\E#HI4h\K#\\\4lu,F\mJ&\\P нE\@\\Zx,LE7BUB!54I`i(\Ұx5%\ \\Z\R\'\]\|\22\z\\\\*S\'\!\#\Įf}̌vQA!~ʷwÝpNQR ʀ\Z\nw k5kFgp5B_VQ\\u^<\LѪ@\lnhn3S^{	Ū\\\CeURDХR}\EhRu\0	j\\'vQ\.ve\>	\ȿ)ӦX\̷\"m \"^s)Q\D,\\RJ4DSIQ2\\\Fa[(N\(1\T\\n\\]Hqu\[Sx5l\|;ř\rŢߢ8ۛ\|8,PY\fP]K\\\drɔf~4,gJu*0\\B\Pΰԅ\(K\pX\\Zʲ\bXȳ\),+<N\Ze9\\~\2w(\\5;)J\XM!E\\h%\"AQ\n\\&\(ʦhXa&E)		(UwFwTQAP\J[\r	P-X\J[\\\C\\rEy{R+)I}NI:CM\\nк|	u2(\@pE#̀/QP${J	}NI\n\F%9\b.$YP?EASP v%\A<ٔdO,o%	tSY\0%y¼FII͔d\KI6#QG \P2\rAթ|yNI;!\(J/HQ\y<\(ʧi5EiUJQ@\%lP\%AHY\P})K\"\"$|\P!(9!ʒ~EYR\y%/byr)J^4\Z/Rt4ZBe\,	hE\\sʲDahS$4ge_\n\\(\\Zc(Y	\PhЭfHa\051.\<\0A5f\r5ҤCTJ3\r\d\\rzP]M\0c(ME\+4c\ yf54WJGq8\\\0\\'\Z\Bq\nQ(N\ZTP	\}g\\\ZEyZXHyF<[(ϋ\\TʳŃ\OC\?\g-Z\J֢^Sxh!uG}dQbh\"e\)\:h\\n\oˠD&R\Y\\%ʂ&\S8\U*EM\"\)\h\EHA(\@\\J\4-eZ:IP1\\p\H@]LP@Q)\n\n5Hv{q~})\h\"R\-TOAS85j241RմR?@X8O.\zxb\zpnwP\\\u\m>\ZMdQ8C\ch\o\P\e\0\M|K\\\ޥ`h!s*d\AWR\(\`6Z\r\\eQ\Q,U\r07\\\O\>>l\lPbh!-Y\\PI\.S\pf\(]\n4+J7g\ͅ^tpFŔn4\\Ln|WBV\fI:\R(_:\d=\{\ͥ|\q\}\E8\0\\@\\2\.:\\i<^u߃Su~\n\Ti\C&D{zHéyz\\)b\ă\\Ԅ?\'X\rJ]܎M.WA+j\8ه\\\'j\C$ڨNPUR8э\\Lj\Fh,5Rq)DjVJŉR\'\!R:u\'ʣNJ\ Pl1u^~^\\dꥢĹzI\qS3+ \f^\q_Q7 \]\\W嫦nv5(۩j\HQR?q\P\:rU%3Ǽ@\rB\\\8f9u1&RG\q\\\\B:ڃ⨧@]\S\IM\0!˨8\	\\Y4uM]U\'\vݫ\8\"\\\\Z6k\\<e\\\fU\\W\\5\Z\$j\l\ZK\aPo<g\0K\f&346{96y\>2\`y\\G8l\'2\ZZN\\|~:@N3X\\l:\\ras,\\:B\0\y7\2v\zxQ8,20tE1\S̣sl\u\J\`q(6\n:\\KХ\(\0줳|2x\\PFG\"\:MA\	\Aw\0\'-\DF!B\G\'jt\\\4MFn3uDO:U޸hE\oЩzbk\sh\\G\\Zt\\nB\Z1l&\ᾝx9\Z\\\\&b:/\\[̃kt\C7(_\M^ԙgV\\r\`!ݢx\\\Bp^!׍]RLXt\\2gҲ\WW\Mbݧ\w~\\aޭCV\\/K\>+4\\\S|A\žF\Z.[h\\\p\\\\b{QH\\\nQJ\\JQC\\jPC\\jPJ\\JQH\\\n\E.\r\\\Z.i\F|A\ž4\\\S\bkR\Z.i\B̡\bs0M\D\Z.6#h\\bГDG\Z.\-hXD\pk\Iõv\@õ6\0XEõVGõ\Jõxk=7\r\\\r\r\r\j\\J7G%\ݵ\U\u\ڻ\\QOOy\/K9?\Im\\KzMBZ\ZҲ\\N\\\\\\N-}\\R;\~\\n\;8,zٟ\\"u}zI\aP#\A>ʩpX#.\5\FkM=tnXZ\0O5Pj2~C\hUErp\l\n\\i9;@\f\\'(ۺ\R\	ѓ\ၦ<R8\"rf\Ac\\P8Rm	뾑R\1\)TFh/\\r\nǼ@\~}\"cR+\\DCqLG\n\d\c|Ք\\\pAڇZ_Q\0?\Oa\qS\\\KY^\q\e}s8\e_Qd׆j\nG	(\;>8Tbʑ-87b,ĉ\R\ap&R8э\(8Z\\F(\"|}\\')Bi(N!%\m\k|M\0\\\\0q\izi\q?m,\\b2m\)ie!p	\\Z\-J\v\5.6Ké\^Չp\W7ʳ\ZWJ[\\4Ӳ\)F\\\SE\r\\\\\p}8\\ap\h8t\\\\0\&gr3\2vgZL{Զ(\-=KX3F[|3v\rךB;T^XB\\rkŕ\Kp6\\\b\iq6M\iM\bV\r\MqVY\p\\\n0vBZB56gUJ{+\9Ku\\\Ź6\\B\\\\"\RO^E\\\J5\\Rqnw\J\a\kZ\\'r=8TZ8ZiTO\ZZf|F\Դy-eFA:-\ח\z\2}q~\ݴ\nET\\")\\0~H\\ZQ*H@5DZc%\f -\a%\@\MX>0\Qi0\Q*\n㨙B*\*\\'i8\Y-\\Q2PwmT.㨶T\\E\v8\[I\Pݩ\r6QT\eާjkQ?\(GxP{a\\ZOŶxPO\/`\\ZI\F\"Q0j\rZ\"QoV\'\ZP\T\rZTA4\Z`	Z7Qqh\<\\T)/\r2\n\8%U\Zi\8.\n\j\ZI`\\@F|;Ε0j\Fuv\`Q0j=HuBÅn2\0jRhTfZSh\\2FI*K`\\'UIB#-\"[a^BE*H\'G\CE*\h\T$\QH:\Z/:jlqD\! H\"]`h\0IA0\PT#\'AH58,j$\"H2Fw?jd\"XZR\rS\VqT\xjCx\Q\/\%Su^Qj*\[B%;!Q	\rp;\4Wf*큫o\dI*\nWˠ$\,1\Z.6j\B\\d\STcO,\O5jSP\"jT+?\Ȃ\ZT;\\O\(\"}H\\:WQP\T\\0J\<G-U\HʷPsU\\\\\\"R\J2\c\\\0<R\(@\ߨ·(\\\0\\\΁Pn*h%\ZI\8XT\MX!zUZy1+a=U\\rK/Jy\L!#R\\=*^s8P\5T*p,N\'\i\ʨV:\YAŖ\\9[၅.\A\=\{\\\\N\>n\T3,B\ʟ	DW\rK\2\N\\͛^\[KCk13To6h\\-7-.z$\\nMn%g\Ph[adZd\\L\ǴH2l44\a	2	KTx14\\\~Ze.\\[M\M\W\2}Y\&Zg\cQ.\bZgS,lO\0:w9-\0\J%!w\GTQXBkm\Zq.~\;Z$BŊ(׽QFU}h5\\B \ZZ\\hp\^ͽ%%@\	[]0dq9mH0\e~\=x⌧]*灋`KF]\CɴO\m]\\'\g2DJ\hLm\\^ux	j}\״\x5*@\m\!P\ê]]`K\&&E\"bnKԤ@{(DU Z\ڗ~\nQu/\SAA\3[Z<|d\{\)HE׫\oZѿ҇:	殱.W%\)\\r$Q(\\|\q#umG\0\x{\QO\?\;(Z\O]J˨.\D\&\ZA)ڈ]M#\V\B#4jzD#&A;\U4*\ZFP\\n-]Fl\ZjFmmf\ht\\FʇAs\h\\C{.\@+.x\4\Z 0\gF\\r\h\Zp4\evo:\?\0s\J\Zu\28P\o*i\A\S!ph\7\ñ\"2h\\H8\]\\8p,\Zg\뿇\\\WqXE\f\Z؜	VM\\\\\.\Ѩ\\\;ƏJ\y\F2i \*1Iɣ奄ݢ\+\Z\\0ѥ%8,i]hC<C\e8.\\\H\á0N\.{\\̧\?\̢\O\tI=@;\Z\ܢ7j\\Q0\\;3:\g0\\b?ſh7Q6Kͧ#\\h+\\\`\0\r0e75{J\]ZC-\,\\-Rs\\0\sǼ\\ywx`Ux\j$_8\",(pDP&r\{e\A0\Z<o\7opKxN\SVjv\\\\l?m\Ϟ\\\>1}p8A\m10\\~t\w\w\\\Wr\hW!߽-@E\\ݠ^5\茏TE\x{S\v߳\R\Fܲg\\CS\zyn_fesCz\\\\an0|\9X\\\-,)-ܛe\Yt\\C|\\\\\昑PI\0\0\0\0IENDB`');
/*!40000 ALTER TABLE `account` ENABLE KEYS */;
UNLOCK TABLES;

--
-- Table structure for table `department`
--

DROP TABLE IF EXISTS `department`;
/*!40101 SET @saved_cs_client     = @@character_set_client */;
/*!50503 SET character_set_client = utf8mb4 */;
CREATE TABLE `department` (
  `DepartmentId` int NOT NULL,
  `DepartmentName` varchar(100) NOT NULL,
  `CollegeName` varchar(100) NOT NULL,
  PRIMARY KEY (`DepartmentId`)
) ENGINE=InnoDB DEFAULT CHARSET=utf8mb4 COLLATE=utf8mb4_0900_ai_ci;
/*!40101 SET character_set_client = @saved_cs_client */;

--
-- Dumping data for table `department`
--

LOCK TABLES `department` WRITE;
/*!40000 ALTER TABLE `department` DISABLE KEYS */;
INSERT INTO `department` VALUES (1,'Bachelor of Science in Agriculture Major in Agricultural Economics','College of Agriculture and Food Sciences'),(2,'Bachelor of Science in Agriculture Major in Agricultural Extension','College of Agriculture and Food Sciences'),(3,'Bachelor of Science in Agriculture Major in Agronomy','College of Agriculture and Food Sciences'),(4,'Bachelor of Science in Agriculture Major in Animal Science','College of Agriculture and Food Sciences'),(5,'Bachelor of Science in Agriculture Major in Horticulture','College of Agriculture and Food Sciences'),(6,'Bachelor of Science in Agriculture Major in Plant Breeding','College of Agriculture and Food Sciences'),(7,'Bachelor of Science in Agriculture Major in Plant Protection','College of Agriculture and Food Sciences'),(8,'Bachelor of Science in Agriculture Major in Soil Science','College of Agriculture and Food Sciences'),(9,'Bachelor of Science in Development Communication','College of Agriculture and Food Sciences'),(10,'Bachelor of Science in Food Technology','College of Agriculture and Food Sciences'),(11,'Bachelor of Arts in English Language Studies','College of Arts and Sciences'),(12,'Bachelor of Arts in Philosophy','College of Arts and Sciences'),(13,'Bachelor of Science in Applied Physics','College of Arts and Sciences'),(14,'Bachelor of Science in Biology','College of Arts and Sciences'),(15,'Bachelor of Science in Biotechnology','College of Arts and Sciences'),(16,'Bachelor of Science in Chemistry','College of Arts and Sciences'),(17,'Bachelor of Science in Marine Biology','College of Arts and Sciences'),(18,'Bachelor of Science in Mathematics','College of Arts and Sciences'),(19,'Bachelor of Science in Statistics','College of Arts and Sciences'),(20,'Bachelor of Culture and Arts Education','College of Education'),(21,'Bachelor of Early Childhood Education','College of Education'),(22,'Bachelor of Elementary Education','College of Education'),(23,'Bachelor of Physical Education','College of Education'),(24,'Bachelor of Secondary Education','College of Education'),(25,'Doctor of Veterinary Medicine','College of Veterinary Medicine'),(26,'Bachelor of Science in Agricultural and Biosystems Engineering','College of Engineering and Technology'),(27,'Bachelor of Science in Civil Engineering','College of Engineering and Technology'),(28,'Bachelor of Science in Computer Science','College of Engineering and Technology'),(29,'Bachelor of Science in Geodetic Engineering','College of Engineering and Technology'),(30,'Bachelor of Science in Mechanical Engineering','College of Engineering and Technology'),(31,'Bachelor of Science in Meteorology','College of Engineering and Technology'),(32,'Bachelor of Science in Environmental Science','College of Forestry and Environmental Sciences'),(33,'Bachelor of Science in Forestry','College of Forestry and Environmental Sciences'),(34,'Bachelor of Science in Agribusiness','College of Management and Economics'),(35,'Bachelor of Science in Economics','College of Management and Economics'),(36,'Bachelor of Science in Hospitality Management','College of Management and Economics'),(37,'Bachelor of Science in Tourism Management','College of Management and Economics'),(38,'Bachelor of Science in Nursing','College of Nursing');
/*!40000 ALTER TABLE `department` ENABLE KEYS */;
UNLOCK TABLES;

--
-- Table structure for table `event`
--

DROP TABLE IF EXISTS `event`;
/*!40101 SET @saved_cs_client     = @@character_set_client */;
/*!50503 SET character_set_client = utf8mb4 */;
CREATE TABLE `event` (
  `EventId` int NOT NULL,
  `EventName` varchar(45) NOT NULL,
  `EventDate` datetime NOT NULL,
  `EventTime` datetime DEFAULT NULL,
  `Location` varchar(100) NOT NULL,
  `Description` text NOT NULL,
  `HasPayables` bit(1) NOT NULL,
  `AttendanceFineAmount` float NOT NULL,
  `EventFeeContribution` float DEFAULT NULL,
  PRIMARY KEY (`EventId`)
) ENGINE=InnoDB DEFAULT CHARSET=utf8mb4 COLLATE=utf8mb4_0900_ai_ci;
/*!40101 SET character_set_client = @saved_cs_client */;

--
-- Dumping data for table `event`
--

LOCK TABLES `event` WRITE;
/*!40000 ALTER TABLE `event` DISABLE KEYS */;
INSERT INTO `event` VALUES (2,'General Cleaning - May','2024-05-05 00:00:00','2024-08-17 13:00:00','Mabolo','Monthly Cleaning',_binary '',100,0),(3,'rgtr','2024-08-19 00:00:00','2024-08-17 17:26:00','fghfghfgh','dfgfg',_binary '',100,0),(4,'ertre','2024-08-20 00:00:00','2024-08-17 21:00:00','rtyyrt','ertyrt',_binary '',100,0);
/*!40000 ALTER TABLE `event` ENABLE KEYS */;
UNLOCK TABLES;

--
-- Table structure for table `event_attendance`
--

DROP TABLE IF EXISTS `event_attendance`;
/*!40101 SET @saved_cs_client     = @@character_set_client */;
/*!50503 SET character_set_client = utf8mb4 */;
CREATE TABLE `event_attendance` (
  `EventAttendanceId` int NOT NULL,
  `AttendanceStatus` varchar(45) NOT NULL,
  `FK_UserId_EventAttendance` varchar(45) NOT NULL,
  `FK_EventId_EventAttendance` int NOT NULL,
  PRIMARY KEY (`EventAttendanceId`),
  KEY `FK_UserId_idx` (`FK_UserId_EventAttendance`),
  KEY `FK_EventId_idx` (`FK_EventId_EventAttendance`),
  CONSTRAINT `FK_EventId_EventAttendance` FOREIGN KEY (`FK_EventId_EventAttendance`) REFERENCES `event` (`EventId`) ON DELETE CASCADE ON UPDATE CASCADE,
  CONSTRAINT `FK_UserId_EventAttendance` FOREIGN KEY (`FK_UserId_EventAttendance`) REFERENCES `user` (`UserId`) ON DELETE CASCADE ON UPDATE CASCADE
) ENGINE=InnoDB DEFAULT CHARSET=utf8mb4 COLLATE=utf8mb4_0900_ai_ci;
/*!40101 SET character_set_client = @saved_cs_client */;

--
-- Dumping data for table `event_attendance`
--

LOCK TABLES `event_attendance` WRITE;
/*!40000 ALTER TABLE `event_attendance` DISABLE KEYS */;
INSERT INTO `event_attendance` VALUES (8,'Absent','10-1-00231',2),(30,'Present','22-1-00223',2),(34,'Present','22-1-00232',2),(43,'Absent','22-1-00235',2),(44,'Absent','10-1-00231',3),(45,'Absent','15-1-00321',3),(46,'Present','22-1-00223',3),(47,'Present','22-1-00232',3),(48,'Present','22-1-00235',3),(49,'Present','23-1-02140',2),(50,'Present','23-1-02140',3),(51,'Absent','10-1-00231',4),(52,'Absent','15-1-00321',4),(53,'Absent','22-1-00223',4),(54,'Absent','22-1-00232',4),(55,'Absent','22-1-00235',4),(56,'Absent','23-1-02140',4);
/*!40000 ALTER TABLE `event_attendance` ENABLE KEYS */;
UNLOCK TABLES;

--
-- Table structure for table `payment`
--

DROP TABLE IF EXISTS `payment`;
/*!40101 SET @saved_cs_client     = @@character_set_client */;
/*!50503 SET character_set_client = utf8mb4 */;
CREATE TABLE `payment` (
  `PaymentId` int NOT NULL,
  `PaymentDate` datetime NOT NULL,
  `Amount` float NOT NULL,
  `Remarks` longtext NOT NULL,
  `FK_UserId_Payment` varchar(45) NOT NULL,
  PRIMARY KEY (`PaymentId`),
  KEY `FK_UserId_Payment_idx` (`FK_UserId_Payment`),
  CONSTRAINT `FK_UserId_Payment` FOREIGN KEY (`FK_UserId_Payment`) REFERENCES `user` (`UserId`) ON DELETE CASCADE ON UPDATE CASCADE
) ENGINE=InnoDB DEFAULT CHARSET=utf8mb4 COLLATE=utf8mb4_0900_ai_ci;
/*!40101 SET character_set_client = @saved_cs_client */;

--
-- Dumping data for table `payment`
--

LOCK TABLES `payment` WRITE;
/*!40000 ALTER TABLE `payment` DISABLE KEYS */;
INSERT INTO `payment` VALUES (1,'2024-08-17 21:00:40',4150,'All','22-1-00232');
/*!40000 ALTER TABLE `payment` ENABLE KEYS */;
UNLOCK TABLES;

--
-- Table structure for table `regular_payable`
--

DROP TABLE IF EXISTS `regular_payable`;
/*!40101 SET @saved_cs_client     = @@character_set_client */;
/*!50503 SET character_set_client = utf8mb4 */;
CREATE TABLE `regular_payable` (
  `RegularPayableId` int NOT NULL,
  `Name` varchar(45) NOT NULL,
  `Amount` float NOT NULL,
  PRIMARY KEY (`RegularPayableId`)
) ENGINE=InnoDB DEFAULT CHARSET=utf8mb4 COLLATE=utf8mb4_0900_ai_ci;
/*!40101 SET character_set_client = @saved_cs_client */;

--
-- Dumping data for table `regular_payable`
--

LOCK TABLES `regular_payable` WRITE;
/*!40000 ALTER TABLE `regular_payable` DISABLE KEYS */;
INSERT INTO `regular_payable` VALUES (1,'Dormitory Maintenance',270),(2,'WiFi Payment',300),(3,'Laptop',30),(4,'Printer',30);
/*!40000 ALTER TABLE `regular_payable` ENABLE KEYS */;
UNLOCK TABLES;

--
-- Table structure for table `room`
--

DROP TABLE IF EXISTS `room`;
/*!40101 SET @saved_cs_client     = @@character_set_client */;
/*!50503 SET character_set_client = utf8mb4 */;
CREATE TABLE `room` (
  `RoomId` int NOT NULL,
  `LevelNumber` int NOT NULL,
  `MaximumCapacity` int NOT NULL,
  `CurrNumOfOccupants` int NOT NULL,
  PRIMARY KEY (`RoomId`)
) ENGINE=InnoDB DEFAULT CHARSET=utf8mb4 COLLATE=utf8mb4_0900_ai_ci;
/*!40101 SET character_set_client = @saved_cs_client */;

--
-- Dumping data for table `room`
--

LOCK TABLES `room` WRITE;
/*!40000 ALTER TABLE `room` DISABLE KEYS */;
INSERT INTO `room` VALUES (1,1,6,0),(2,1,6,0),(3,1,6,0),(4,2,12,4),(5,2,6,0),(6,2,6,0),(7,3,6,0),(8,3,6,0),(9,3,6,0);
/*!40000 ALTER TABLE `room` ENABLE KEYS */;
UNLOCK TABLES;

--
-- Table structure for table `room_allocation`
--

DROP TABLE IF EXISTS `room_allocation`;
/*!40101 SET @saved_cs_client     = @@character_set_client */;
/*!50503 SET character_set_client = utf8mb4 */;
CREATE TABLE `room_allocation` (
  `RoomAllocationId` int NOT NULL,
  `StartDate` date NOT NULL,
  `EndDate` date DEFAULT NULL,
  `FK_RoomId_RoomAllocation` int NOT NULL,
  `FK_UserId_RoomAllocation` varchar(45) NOT NULL,
  PRIMARY KEY (`RoomAllocationId`),
  KEY `FK_RoomId_idx` (`FK_RoomId_RoomAllocation`),
  KEY `FK_UserId_idx` (`FK_UserId_RoomAllocation`),
  CONSTRAINT `FK_RoomId_RoomAllocation` FOREIGN KEY (`FK_RoomId_RoomAllocation`) REFERENCES `room` (`RoomId`) ON DELETE CASCADE ON UPDATE CASCADE,
  CONSTRAINT `FK_UserId_RoomAllocation` FOREIGN KEY (`FK_UserId_RoomAllocation`) REFERENCES `user` (`UserId`) ON DELETE CASCADE ON UPDATE CASCADE
) ENGINE=InnoDB DEFAULT CHARSET=utf8mb4 COLLATE=utf8mb4_0900_ai_ci;
/*!40101 SET character_set_client = @saved_cs_client */;

--
-- Dumping data for table `room_allocation`
--

LOCK TABLES `room_allocation` WRITE;
/*!40000 ALTER TABLE `room_allocation` DISABLE KEYS */;
INSERT INTO `room_allocation` VALUES (1,'2024-08-17','2024-09-17',4,'22-1-00223'),(2,'2024-08-17','2024-09-17',4,'22-1-00232'),(3,'2024-08-17','2024-09-17',4,'22-1-00235'),(4,'2024-08-17','2024-09-17',4,'23-1-02140');
/*!40000 ALTER TABLE `room_allocation` ENABLE KEYS */;
UNLOCK TABLES;

--
-- Table structure for table `user`
--

DROP TABLE IF EXISTS `user`;
/*!40101 SET @saved_cs_client     = @@character_set_client */;
/*!50503 SET character_set_client = utf8mb4 */;
CREATE TABLE `user` (
  `UserId` varchar(45) NOT NULL,
  `FirstName` varchar(45) NOT NULL,
  `LastName` varchar(45) NOT NULL,
  `Birthday` date NOT NULL,
  `Email` varchar(45) NOT NULL,
  `PhoneNumber` varchar(45) NOT NULL,
  `Address` varchar(100) NOT NULL,
  `UserStatus` varchar(45) NOT NULL,
  `UserType` varchar(45) NOT NULL,
  `FK_DepartmentId` int NOT NULL,
  `AvailWiFI` int NOT NULL,
  `HasLaptop` int NOT NULL,
  `HasPrinter` int NOT NULL,
  PRIMARY KEY (`UserId`),
  KEY `FK_DepartmentId_idx` (`FK_DepartmentId`),
  CONSTRAINT `FK_DepartmentId` FOREIGN KEY (`FK_DepartmentId`) REFERENCES `department` (`DepartmentId`) ON DELETE CASCADE ON UPDATE CASCADE
) ENGINE=InnoDB DEFAULT CHARSET=utf8mb4 COLLATE=utf8mb4_0900_ai_ci;
/*!40101 SET character_set_client = @saved_cs_client */;

--
-- Dumping data for table `user`
--

LOCK TABLES `user` WRITE;
/*!40000 ALTER TABLE `user` DISABLE KEYS */;
INSERT INTO `user` VALUES ('10-1-00231','Rhuel','Laurente','1993-07-31','johnrhuell@gmail.com','+639099153674','Brgy. Combis, Dulag, Leyte','Active','Dormitory Adviser',28,0,0,0),('15-1-00321','Darius','Mendoza','2024-04-12','darius@gmail.com','+639099163732','Brgy. Dar, Baybay City, Leyte','Active','Assistant Dormitory Adviser',14,0,0,0),('22-1-00223','Test','Subject','2024-08-15','joe@gmail.com','+639099153546','Somewhere','Active','Big Brod',26,1,1,1),('22-1-00232','James','Del Cruze','2024-08-10','rerer@gmail.com','+639099153546','Mabolo','Active','Big Brod',5,1,1,1),('22-1-00235','Joeer','erer','2024-08-10','john@gmail.com','+639099266323','ererr','Active','Big Brod',20,1,1,1),('22-1-00323','jdfdf','sdf','2024-08-10','dfj@gmail.com','+639099153546','erewrer','Active','Regular Dormer',23,0,0,0),('23-1-02140','DM','Varques','2004-12-01','sjhdhjsf@gmail.com','+639099153546','Korea','Active','Big Brod',28,1,1,0);
/*!40000 ALTER TABLE `user` ENABLE KEYS */;
UNLOCK TABLES;

--
-- Table structure for table `user_payable`
--

DROP TABLE IF EXISTS `user_payable`;
/*!40101 SET @saved_cs_client     = @@character_set_client */;
/*!50503 SET character_set_client = utf8mb4 */;
CREATE TABLE `user_payable` (
  `UserPayableId` int NOT NULL,
  `TotalPayable` float NOT NULL,
  `RemainingBalance` float DEFAULT NULL,
  `FK_UserId_UserPayable` varchar(45) NOT NULL,
  PRIMARY KEY (`UserPayableId`),
  KEY `FK_UserId_UserPayable_idx` (`FK_UserId_UserPayable`),
  CONSTRAINT `FK_UserId_UserPayable` FOREIGN KEY (`FK_UserId_UserPayable`) REFERENCES `user` (`UserId`) ON DELETE CASCADE ON UPDATE CASCADE
) ENGINE=InnoDB DEFAULT CHARSET=utf8mb4 COLLATE=utf8mb4_0900_ai_ci;
/*!40101 SET character_set_client = @saved_cs_client */;

--
-- Dumping data for table `user_payable`
--

LOCK TABLES `user_payable` WRITE;
/*!40000 ALTER TABLE `user_payable` DISABLE KEYS */;
INSERT INTO `user_payable` VALUES (1,3650,3650,'22-1-00223'),(2,4250,100,'22-1-00232'),(3,4350,4350,'22-1-00235'),(4,3200,3200,'23-1-02140'),(5,1650,1650,'22-1-00323');
/*!40000 ALTER TABLE `user_payable` ENABLE KEYS */;
UNLOCK TABLES;
/*!40103 SET TIME_ZONE=@OLD_TIME_ZONE */;

/*!40101 SET SQL_MODE=@OLD_SQL_MODE */;
/*!40014 SET FOREIGN_KEY_CHECKS=@OLD_FOREIGN_KEY_CHECKS */;
/*!40014 SET UNIQUE_CHECKS=@OLD_UNIQUE_CHECKS */;
/*!40101 SET CHARACTER_SET_CLIENT=@OLD_CHARACTER_SET_CLIENT */;
/*!40101 SET CHARACTER_SET_RESULTS=@OLD_CHARACTER_SET_RESULTS */;
/*!40101 SET COLLATION_CONNECTION=@OLD_COLLATION_CONNECTION */;
/*!40111 SET SQL_NOTES=@OLD_SQL_NOTES */;

-- Dump completed on 2024-08-17 21:28:21
